{"initial_reset_timestamp": 1687397637.4983244, "timestamps": [1687397665.8481476, 1687397670.440688], "episode_lengths": [300, 300], "episode_rewards": [-8.460237034554149, 27.340513160111165], "episode_types": ["t", "t"]}