{"initial_reset_timestamp": 1687398498.6800466, "timestamps": [1687398518.9624484, 1687398539.6462655], "episode_lengths": [300, 300], "episode_rewards": [-8.460235724419437, 27.340511976776412], "episode_types": ["t", "t"]}