{"initial_reset_timestamp": 1687398590.2563403, "timestamps": [1687398623.5897398, 1687398650.091781], "episode_lengths": [300, 300], "episode_rewards": [-77.66757329948615, -156.76882782054372], "episode_types": ["t", "t"]}