{"initial_reset_timestamp": 1687444224.4138682, "timestamps": [1687444253.4521918, 1687444278.5560944], "episode_lengths": [300, 300], "episode_rewards": [-77.66757921511851, -156.76883016776696], "episode_types": ["t", "t"]}