{"initial_reset_timestamp": 1687444228.7890227, "timestamps": [1687444250.8066297, 1687444274.985214], "episode_lengths": [300, 300], "episode_rewards": [-79.99403307018032, -17.481720412412198], "episode_types": ["t", "t"]}