{"initial_reset_timestamp": 1687399698.142466, "timestamps": [1687399710.1716735, 1687399722.6295378], "episode_lengths": [300, 300], "episode_rewards": [-79.99403329468252, -17.48172162654392], "episode_types": ["t", "t"]}