{"initial_reset_timestamp": 1687397579.8529735, "timestamps": [1687397592.0403924, 1687397595.2813199], "episode_lengths": [300, 300], "episode_rewards": [-79.99403312320811, -17.48171768674642], "episode_types": ["t", "t"]}