{"initial_reset_timestamp": 1687398630.994822, "timestamps": [1687398653.8950403, 1687398668.232573], "episode_lengths": [300, 300], "episode_rewards": [-79.99402892695356, -17.481720038123157], "episode_types": ["t", "t"]}