{"initial_reset_timestamp": 1687397643.2684188, "timestamps": [1687397677.2752783, 1687397681.8623772], "episode_lengths": [300, 300], "episode_rewards": [-69.17390087330551, -52.4832857594066], "episode_types": ["t", "t"]}