{"initial_reset_timestamp": 1687398566.5739372, "timestamps": [1687398606.5009882, 1687398651.5284781], "episode_lengths": [300, 300], "episode_rewards": [-69.17390799252253, -52.483284449616434], "episode_types": ["t", "t"]}