{"initial_reset_timestamp": 1687398595.8749423, "timestamps": [1687398620.1749046, 1687398646.0701625], "episode_lengths": [300, 300], "episode_rewards": [-35.638736950835785, -118.4200383735975], "episode_types": ["t", "t"]}