{"initial_reset_timestamp": 1687398604.2763612, "timestamps": [1687398628.431852, 1687398652.011558], "episode_lengths": [300, 300], "episode_rewards": [7.731237212368134, 49.916841654977276], "episode_types": ["t", "t"]}