{"initial_reset_timestamp": 1687398609.4491973, "timestamps": [1687398633.5969326, 1687398656.342782], "episode_lengths": [300, 300], "episode_rewards": [7.731238235567664, 49.91684053527315], "episode_types": ["t", "t"]}