{"initial_reset_timestamp": 1687397603.728357, "timestamps": [1687397624.791261, 1687397628.1295485], "episode_lengths": [300, 300], "episode_rewards": [-53.59351399828366, -32.16458869935683], "episode_types": ["t", "t"]}