{"initial_reset_timestamp": 1687398561.2928903, "timestamps": [1687398584.9194949, 1687398626.4018643], "episode_lengths": [300, 300], "episode_rewards": [-53.59351084558605, -32.16459577434311], "episode_types": ["t", "t"]}