{"initial_reset_timestamp": 1687443931.8954163, "timestamps": [1687443976.371301, 1687444022.1247628], "episode_lengths": [500, 500], "episode_rewards": [140.67526720517134, 161.77344542914844], "episode_types": ["t", "t"]}