{"initial_reset_timestamp": 1687444009.9794478, "timestamps": [1687444055.2453682, 1687444096.7103572], "episode_lengths": [500, 500], "episode_rewards": [140.67527127253263, 161.77344964402408], "episode_types": ["t", "t"]}