{"initial_reset_timestamp": 1687398575.7524, "timestamps": [1687398622.8612866, 1687398663.5396628], "episode_lengths": [300, 300], "episode_rewards": [-56.71154912768263, -84.34030109968083], "episode_types": ["t", "t"]}