{"initial_reset_timestamp": 1687444217.7798955, "timestamps": [1687444285.786338, 1687444330.977608], "episode_lengths": [500, 500], "episode_rewards": [130.52487713843882, 105.56803817154649], "episode_types": ["t", "t"]}