{"initial_reset_timestamp": 1687397649.3924024, "timestamps": [1687397685.0430539, 1687397689.3072746], "episode_lengths": [300, 300], "episode_rewards": [-56.71154952688516, -84.34030515452991], "episode_types": ["t", "t"]}